{
  "ham": {
    "precision": 0.9887525562372188,
    "recall": 0.9969072164948454,
    "f1-score": 0.9928131416837782,
    "support": 970.0
  },
  "spam": {
    "precision": 0.98,
    "recall": 0.930379746835443,
    "f1-score": 0.9545454545454546,
    "support": 158.0
  },
  "accuracy": 0.9875886524822695,
  "macro avg": {
    "precision": 0.9843762781186094,
    "recall": 0.9636434816651442,
    "f1-score": 0.9736792981146164,
    "support": 1128.0
  },
  "weighted avg": {
    "precision": 0.9875265776153388,
    "recall": 0.9875886524822695,
    "f1-score": 0.9874529514640484,
    "support": 1128.0
  }
}